firstName,lastName,id,salary,password
Dermot,Tunnow,70,376541,Pass@12
Helen,Halley,61,111823,Pass@12
Eartha,Garoghan,45,271635,Pass@12
Ceil,McEntee,31,174030,Pass@12
Cissy,Prahl,85,439548,Pass@12
Nanci,Yurenev,71,365288,Pass@12
Jillie,Hanscomb,32,175911,Pass@12
Ritchie,Willshaw,13,341776,Pass@12
Elbertine,Tull,95,229012,Pass@12
Danella,Trimnell,9,212095,Pass@12
Dorolisa,Bernadzki,97,320521,Pass@12
Ann,Stileman,75,235259,Pass@12
Tucky,Mordin,69,161802,Pass@12
Lebbie,Rummin,19,121687,Pass@12
Tynan,Botger,14,138303,Pass@12
Eachelle,Wasselin,98,119182,Pass@12
Gertrude,Siddens,28,107339,Pass@12
Imogen,Marciek,68,175129,Pass@12
Sawyere,Biddlecombe,35,127324,Pass@12
Camille,Widmoor,44,311086,Pass@12
Lewis,Hamilton,99,311099,Pass@12
Max,Verstappen,63,322911,Pass@12
Carlos,Sainz,77,722277,Pass@12