id,patientName,patientPhoneNumber,patientEmail
58,Jobie Resun,546-774-8718,jresun0@mlb.com
55,Mady Mc Gee,338-530-9584,mmc1@huffingtonpost.com
36,Abbe Chafney,325-408-1293,achafney2@unesco.org
38,Melonie Pea,155-582-1496,mpea3@cornell.edu
70,Rosalie Scallan,689-873-1536,rscallan4@gmpg.org
87,Jimmy Gartrell,706-118-1602,jgartrell5@prlog.org
91,Shela Caley,219-568-6782,scaley6@msn.com
96,Fanechka Charity,139-476-3213,fcharity7@ustream.tv
88,Renato Buddock,459-654-5571,rbuddock8@economist.com
56,Abby Darton,615-351-3478,adarton9@paginegialle.it
30,Guntar McGaugey,727-216-6931,gmcgaugeya@cmu.edu
29,Violetta Dennehy,185-728-4157,vdennehyb@cnbc.com
11,Keelia Tichner,626-290-7176,ktichnerc@digg.com
2,Tressa Jacklin,133-680-5147,tjacklind@netlog.com
87,Dominga Buret,282-409-4494,dburete@vinaora.com
14,Torey Esmond,563-426-2303,tesmondf@about.me
10,Coretta Joysey,576-999-3776,cjoyseyg@myspace.com
42,Jonah Hugli,925-415-0172,jhuglih@tripod.com
71,Artemis Weblin,437-206-9874,aweblini@com.com
88,Leonora Ouslem,751-157-1347,louslemj@sitemeter.com
